frame,timestamp,person_count,panic_score,panic_level,bottleneck_score,bottleneck_level,density_score,overall_risk,risk_level,early_warning_active,risk_trend
0,0.0,12,0.0,LOW,0.3465,LOW,0.1953125,0.167896875,LOW,False,STABLE
1,0.04,12,0.16122685636829645,LOW,0.44210482475753243,WARNING,0.1953125,0.2786908902687464,LOW,False,STABLE
2,0.08,12,0.2011191607877474,LOW,0.44855606115161784,WARNING,0.1953125,0.2992229218151335,LOW,False,STABLE
3,0.12,12,0.21006710610856008,LOW,0.43169128361747156,WARNING,0.1953125,0.29650358619584066,LOW,False,STABLE
4,0.16,12,0.21263375545906177,LOW,0.4305679751403999,WARNING,0.1953125,0.29720925501273776,LOW,False,RISING
5,0.2,12,0.43445155219370774,MODERATE,0.35426672958778993,LOW,0.1953125,0.36650676532228443,MODERATE,False,RISING
6,0.24,11,0.5023623905439356,MODERATE,0.31081589185154956,LOW,0.17903645833333337,0.37724490123539084,MODERATE,False,RISING
7,0.28,11,0.3783591970464051,MODERATE,0.36223855248649495,LOW,0.17903645833333337,0.34201252841548024,MODERATE,False,RISING
8,0.32,11,0.3194995653680971,LOW,0.39748526663743133,LOW,0.17903645833333337,0.3296243798206162,MODERATE,False,RISING
9,0.36,11,0.28469485565436153,LOW,0.42086583952163803,WARNING,0.17903645833333337,0.3233144896031179,MODERATE,False,STABLE
10,0.4,10,0.2819777254956774,LOW,0.39667637834739716,LOW,0.16276041666666669,0.3099745903120137,MODERATE,False,STABLE
11,0.44,9,0.3334080448934071,LOW,0.2967324769728778,LOW,0.14648437500000003,0.29069926724118433,LOW,False,STABLE
12,0.48,8,0.3559305226162143,MODERATE,0.3219157909709856,LOW,0.13020833333333334,0.30846630156569066,MODERATE,False,STABLE
13,0.52,9,0.24898502748485554,LOW,0.27160508992402693,LOW,0.14648437500000003,0.24265795458779577,LOW,False,STABLE
14,0.56,10,0.28715780054634693,LOW,0.3063097640229972,LOW,0.16276041666666669,0.276158978355055,LOW,False,STABLE
15,0.6,8,0.5069848678966965,MODERATE,0.2537591398001412,LOW,0.13020833333333334,0.3491780964735699,MODERATE,False,STABLE
16,0.64,8,0.46703311703088624,MODERATE,0.32528451283625726,LOW,0.13020833333333334,0.35980995779840175,MODERATE,False,STABLE
17,0.68,8,0.35200982745955045,MODERATE,0.3787749113167885,LOW,0.13020833333333334,0.32944563688351314,MODERATE,False,STABLE
18,0.72,8,0.2634581296384245,LOW,0.37554439508650905,LOW,0.13020833333333334,0.2883051663718947,LOW,False,STABLE
19,0.76,8,0.2234359816672713,LOW,0.38473888128390354,LOW,0.13020833333333334,0.27397299426383354,LOW,False,STABLE
20,0.8,9,0.35382239747458666,MODERATE,0.37892636979375044,LOW,0.14648437500000003,0.33276328303106417,MODERATE,False,STABLE
21,0.84,9,0.2806791421820447,LOW,0.3807893012709871,LOW,0.14648437500000003,0.30059399074031495,MODERATE,False,STABLE
22,0.88,9,0.24398084387747745,LOW,0.3987809609422738,LOW,0.14648437500000003,0.29127642037177437,LOW,False,STABLE
23,0.92,7,0.49264159960537574,MODERATE,0.2150873880961875,LOW,0.11393229166666669,0.3248135188108941,MODERATE,False,STABLE
24,0.96,7,0.3677945809986149,MODERATE,0.2581276619712596,LOW,0.11393229166666669,0.28584846998788055,LOW,False,STABLE
25,1.0,7,0.3011596995132826,LOW,0.31970853315441494,LOW,0.11393229166666669,0.28049512179274316,LOW,False,STABLE
26,1.04,7,0.2571160180323882,LOW,0.34391693926286093,LOW,0.11393229166666669,0.2703588275697191,LOW,False,STABLE
27,1.08,7,0.2330295631443121,LOW,0.3577936780143644,LOW,0.11393229166666669,0.26507061837068624,LOW,False,STABLE
28,1.12,7,0.21064254246588965,LOW,0.34136112214005376,LOW,0.11393229166666669,0.24842343671567185,LOW,False,STABLE
29,1.16,7,0.20269340354458384,LOW,0.3557238058747038,LOW,0.11393229166666669,0.25059139769494426,LOW,False,STABLE
30,1.2,8,0.5090545053372083,MODERATE,0.22818755341238847,LOW,0.13020833333333334,0.33988079876669913,MODERATE,False,STABLE
31,1.24,8,0.4646485779041731,MODERATE,0.2789709592266054,LOW,0.13020833333333334,0.34021149374752,MODERATE,False,STABLE
32,1.28,8,0.3460778988126571,LOW,0.3240467155770356,LOW,0.13020833333333334,0.30488499069651,MODERATE,False,STABLE
33,1.32,8,0.2856574147089207,LOW,0.35221310314312343,LOW,0.13020833333333334,0.2889623278762637,LOW,False,STABLE
34,1.36,8,0.25576797388394956,LOW,0.3763754722174083,LOW,0.13020833333333334,0.28517702713474063,LOW,False,STABLE
35,1.4,8,0.23648596883509704,LOW,0.39050172633251634,LOW,0.13020833333333334,0.28215062650880024,LOW,False,STABLE
36,1.44,7,0.4482234102492883,MODERATE,0.32590608356305906,LOW,0.11393229166666669,0.34915281178740337,MODERATE,False,STABLE
37,1.48,10,0.4071534581291155,MODERATE,0.2987461577235018,LOW,0.16276041666666669,0.32713158174750273,MODERATE,False,STABLE
38,1.52,10,0.30985590028782634,LOW,0.34521554651699,LOW,0.16276041666666669,0.30193543623631786,MODERATE,False,STABLE
39,1.56,9,0.259843221383704,LOW,0.3946798837513213,LOW,0.14648437500000003,0.29677405937319534,LOW,False,STABLE
40,1.6,8,0.3524375712469706,MODERATE,0.40233847774279563,WARNING,0.13020833333333334,0.339063548158255,MODERATE,False,STABLE
41,1.64,8,0.27959091725103974,LOW,0.5241070463570361,WARNING,0.13020833333333334,0.3549899813057823,MODERATE,False,STABLE
42,1.68,8,0.258140059198368,LOW,0.5535032105383584,WARNING,0.13020833333333334,0.357095560854609,MODERATE,False,STABLE
43,1.72,9,0.5232986198431712,MODERATE,0.3406420343673411,LOW,0.14648437500000003,0.39371384892636346,MODERATE,False,STABLE
44,1.76,9,0.4896137627383726,MODERATE,0.36653448462526994,LOW,0.14648437500000003,0.38891264333237563,MODERATE,False,STABLE
45,1.8,10,0.4385230067903509,MODERATE,0.2894811109654537,LOW,0.16276041666666669,0.3375418599418394,MODERATE,False,STABLE
46,1.84,10,0.31728282730497454,LOW,0.32910877881745587,LOW,0.16276041666666669,0.2988348463142209,LOW,False,STABLE
47,1.88,7,0.4147554877344199,MODERATE,0.23594148528573977,LOW,0.11393229166666669,0.2981064073447849,LOW,False,STABLE
48,1.92,7,0.3009739613915147,LOW,0.29273591442682584,LOW,0.11393229166666669,0.269622492146912,LOW,False,STABLE
49,1.96,8,0.39114879081907433,MODERATE,0.3235025715805143,LOW,0.13020833333333334,0.32494923450078916,MODERATE,False,STABLE
50,2.0,9,0.383682210523013,MODERATE,0.3388820740812339,LOW,0.14648437500000003,0.3301824806178494,MODERATE,False,STABLE
51,2.04,9,0.30049576878225026,LOW,0.3646413905272471,LOW,0.14648437500000003,0.3030523084129115,MODERATE,False,STABLE
52,2.08,9,0.275329907992901,LOW,0.4038309009106883,WARNING,0.14648437500000003,0.3074034752110808,MODERATE,False,STABLE
53,2.12,9,0.2582929068121585,LOW,0.4191548218564992,WARNING,0.14648437500000003,0.305866393058071,MODERATE,False,STABLE
54,2.16,9,0.24862656630908503,LOW,0.4315796443794341,WARNING,0.14648437500000003,0.3064864688408619,MODERATE,False,STABLE
55,2.2,9,0.2384267748139126,LOW,0.4218000782035464,WARNING,0.14648437500000003,0.29798473619767923,LOW,False,STABLE
56,2.24,10,0.36430356786751256,MODERATE,0.3258369312899821,LOW,0.16276041666666669,0.3186854405563735,MODERATE,False,STABLE
57,2.28,10,0.29914033200876416,LOW,0.3518007639337842,LOW,0.16276041666666669,0.29974751747745754,LOW,False,STABLE
58,2.32,10,0.26196911218469526,LOW,0.366057805288663,LOW,0.16276041666666669,0.2887232850985781,LOW,False,STABLE
59,2.36,10,0.23394360866630393,LOW,0.365406280842936,LOW,0.16276041666666669,0.2758511987370112,LOW,False,STABLE
60,2.4,10,0.22483402606487918,LOW,0.3680568311125116,LOW,0.16276041666666669,0.2728121066742003,LOW,False,STABLE
61,2.44,10,0.21282539463020964,LOW,0.3698623956932817,LOW,0.16276041666666669,0.26813044836090705,LOW,False,STABLE
62,2.48,11,0.41678713837804776,MODERATE,0.29126023285870917,LOW,0.17903645833333337,0.3309137741636052,MODERATE,False,STABLE
63,2.52,11,0.3058863163451414,LOW,0.32710313064602964,LOW,0.17903645833333337,0.2953455633637255,LOW,False,STABLE
64,2.56,11,0.25579899112156257,LOW,0.35618641453175287,LOW,0.17903645833333337,0.2844395805674043,LOW,False,STABLE
65,2.6,11,0.25746305419620236,LOW,0.23876149392006163,LOW,0.17903645833333337,0.2382184407063157,LOW,False,STABLE
66,2.64,11,0.255889732769592,LOW,0.1454413386298773,LOW,0.17903645833333337,0.20018238394826732,LOW,False,STABLE
67,2.68,10,0.2962470532775075,LOW,0.08551963184823232,LOW,0.16276041666666669,0.1919330892141713,LOW,False,STABLE
68,2.72,11,0.3282254871886422,LOW,0.1312594059070564,LOW,0.17903645833333337,0.22706070034771156,LOW,False,STABLE
69,2.76,10,0.35080875912572507,MODERATE,0.15548852511711286,LOW,0.16276041666666669,0.24447341415342144,LOW,False,STABLE
70,2.8,10,0.3626346300493898,MODERATE,0.10702173711420698,LOW,0.16276041666666669,0.23040834086790818,LOW,False,STABLE
71,2.84,10,0.34942357743199853,LOW,0.08978139761828348,LOW,0.16276041666666669,0.21756723139171272,LOW,False,STABLE
72,2.88,10,0.3549473966045654,MODERATE,0.08170256626445842,LOW,0.16276041666666669,0.2168214174778378,LOW,False,STABLE
73,2.92,10,0.3515172908176615,MODERATE,0.08463670223434369,LOW,0.16276041666666669,0.21645152426168515,LOW,False,STABLE
74,2.96,10,0.3763346860993589,MODERATE,0.0788421430012478,LOW,0.16276041666666669,0.22530152844521062,LOW,False,STABLE
75,3.0,10,0.3638870699643004,MODERATE,0.09086339129447063,LOW,0.16276041666666669,0.22450860050172344,LOW,False,STABLE
76,3.04,10,0.37180325283853805,MODERATE,0.0877396928804074,LOW,0.16276041666666669,0.22682140342950508,LOW,False,STABLE
77,3.08,9,0.3944877999210377,MODERATE,0.07129601131964108,LOW,0.14648437500000003,0.2280105707423234,LOW,False,STABLE
78,3.12,8,0.4492863473289252,MODERATE,0.06814787208934091,LOW,0.13020833333333334,0.24896925513375273,LOW,False,STABLE
79,3.16,7,0.4309780883296064,MODERATE,0.09227142301940776,LOW,0.11393229166666669,0.247938552706086,LOW,False,STABLE
80,3.2,7,0.4047345644269313,MODERATE,0.12089148010466477,LOW,0.11393229166666669,0.24757698978398499,LOW,False,STABLE
81,3.24,7,0.38109154619265184,MODERATE,0.12328461572247817,LOW,0.11393229166666669,0.2378948858256846,LOW,False,STABLE
82,3.28,7,0.36035717475580203,MODERATE,0.12267605453205609,LOW,0.11393229166666669,0.22832099420293334,LOW,False,STABLE
83,3.32,7,0.35572603681551684,MODERATE,0.12851055612535384,LOW,0.11393229166666669,0.22857078276712411,LOW,False,STABLE
84,3.36,6,0.3670241745702025,MODERATE,0.06542796399561754,LOW,0.09765625,0.20598050165483814,LOW,False,STABLE
85,3.4,6,0.34237933765203005,LOW,0.07860328678581882,LOW,0.09765625,0.20016045415774106,LOW,False,STABLE
86,3.44,6,0.32185806117394655,LOW,0.08996365016906532,LOW,0.09765625,0.19547002509590208,LOW,False,STABLE
87,3.48,6,0.34950597626968827,LOW,0.1124788229591793,LOW,0.09765625,0.21691765600503143,LOW,False,STABLE
88,3.52,6,0.34852707475970984,LOW,0.09854517359470884,LOW,0.09765625,0.21090369057975297,LOW,False,STABLE
89,3.56,5,0.5556455324526509,MODERATE,0.06701816175967154,LOW,0.08138020833333334,0.28905478555756153,LOW,False,STABLE
90,3.6,5,0.44863060823115325,MODERATE,0.09217501952136639,LOW,0.08138020833333334,0.25096081276256554,LOW,False,STABLE
91,3.64,5,0.39264505817029693,MODERATE,0.1101994541715078,LOW,0.08138020833333334,0.23297708909523676,LOW,False,STABLE
92,3.68,5,0.3619817625183929,MODERATE,0.11940406142893763,LOW,0.08138020833333334,0.22286044895485185,LOW,False,STABLE
93,3.72,5,0.34365439831352573,LOW,0.1267969875523977,LOW,0.08138020833333334,0.21757030551204568,LOW,False,STABLE
94,3.76,5,0.34504940923855,LOW,0.13059676323665478,LOW,0.08138020833333334,0.21971797070200944,LOW,False,STABLE
95,3.8,5,0.33162949584893675,LOW,0.15321184761083503,LOW,0.08138020833333334,0.22272504342635555,LOW,False,STABLE
96,3.84,5,0.3322273514969554,LOW,0.15615648676618224,LOW,0.08138020833333334,0.22417193413010283,LOW,False,STABLE
97,3.88,5,0.3204336012717495,LOW,0.16273913297119796,LOW,0.08138020833333334,0.2214978050107665,LOW,False,STABLE
98,3.92,5,0.3217314740657893,LOW,0.15071635011415654,LOW,0.08138020833333334,0.2172727346252678,LOW,False,STABLE
99,3.96,4,0.3732598274963038,MODERATE,0.1480020352419737,LOW,0.06510416666666667,0.2369333614701262,LOW,False,STABLE
100,4.0,4,0.35112535363384106,MODERATE,0.1632914029876901,LOW,0.06510416666666667,0.23308859533030452,LOW,False,STABLE
101,4.04,4,0.3437182963541939,LOW,0.16309301786056835,LOW,0.06510416666666667,0.22967606550361458,LOW,False,STABLE
102,4.08,4,0.3485990027654394,LOW,0.1575892618267507,LOW,0.06510416666666667,0.22967088097514804,LOW,False,STABLE
103,4.12,4,0.34934361758403276,LOW,0.1474020485360917,LOW,0.06510416666666667,0.22593107232725143,LOW,False,STABLE
104,4.16,4,0.3409400140887458,LOW,0.13775315092310683,LOW,0.06510416666666667,0.21828989170917834,LOW,False,STABLE
105,4.2,4,0.3334594196179993,LOW,0.11326860904407957,LOW,0.06510416666666667,0.20512980744573153,LOW,False,STABLE
106,4.24,4,0.3486730066168371,LOW,0.09161289596651352,LOW,0.06510416666666667,0.2033136363641821,LOW,False,STABLE
107,4.28,4,0.3443578801926131,LOW,0.08287487949721076,LOW,0.06510416666666667,0.1978766228855602,LOW,False,STABLE
108,4.32,4,0.3198093801906442,LOW,0.09452472990663201,LOW,0.06510416666666667,0.1914897380484427,LOW,False,STABLE
109,4.36,4,0.28315022770078446,LOW,0.07062867802992649,LOW,0.06510416666666667,0.16543469867732363,LOW,False,STABLE
110,4.4,4,0.28378264720588614,LOW,0.06988962932625001,LOW,0.06510416666666667,0.16542366797314875,LOW,False,STABLE
111,4.44,4,0.2628697145334773,LOW,0.0825912261278605,LOW,0.06510416666666667,0.16109348699120898,LOW,False,STABLE
112,4.48,4,0.261404158972832,LOW,0.0851055405658024,LOW,0.06510416666666667,0.16143971276409536,LOW,False,STABLE
113,4.52,4,0.26217403472431,LOW,0.08226906364310314,LOW,0.06510416666666667,0.16065156608318076,LOW,False,STABLE
114,4.56,4,0.2747594728051489,LOW,0.05692116059594359,LOW,0.06510416666666667,0.15617585200069445,LOW,False,STABLE
115,4.6,4,0.310696272902623,LOW,0.03489812160353794,LOW,0.06510416666666667,0.16353819644759554,LOW,False,STABLE
116,4.64,4,0.28626254401515305,LOW,0.05307071732846566,LOW,0.06510416666666667,0.15981205673820514,LOW,False,STABLE
117,4.68,4,0.27459011787729953,LOW,0.058625428600729584,LOW,0.06510416666666667,0.15678134948507663,LOW,False,STABLE
118,4.72,4,0.2601621994042838,LOW,0.07187768354375823,LOW,0.06510416666666667,0.155589688149431,LOW,False,STABLE
119,4.76,4,0.4747098419609225,MODERATE,0.0301719772806274,LOW,0.06510416666666667,0.23545384479466608,LOW,False,STABLE
120,4.8,4,0.477502998972694,MODERATE,0.0855252086038253,LOW,0.06510416666666667,0.25885205797924243,LOW,False,STABLE
121,4.84,4,0.4742139174984383,MODERATE,0.12822446479617855,LOW,0.06510416666666667,0.27445167379276864,LOW,False,STABLE
122,4.88,2,0.2905952218474182,LOW,0.08625835134821697,LOW,0.032552083333333336,0.170154002870625,LOW,False,STABLE
123,4.92,2,0.2868056936179739,LOW,0.13220846376290604,LOW,0.032552083333333336,0.1868287601332507,LOW,False,STABLE
124,4.96,2,0.2953136773885594,LOW,0.1640287646720859,LOW,0.032552083333333336,0.2033854731936861,LOW,False,STABLE
125,5.0,2,0.2942731177579391,LOW,0.18712332608390617,LOW,0.032552083333333336,0.21215504592463508,LOW,False,STABLE
126,5.04,2,0.2845412537536051,LOW,0.19689328863375158,LOW,0.032552083333333336,0.21168369214262295,LOW,False,STABLE
127,5.08,2,0.29370798530668135,LOW,0.20012617107336472,LOW,0.032552083333333336,0.2171018743173525,LOW,False,STABLE
128,5.12,2,0.25897417532359907,LOW,0.21383319232692588,LOW,0.032552083333333336,0.20695446832638992,LOW,False,STABLE
129,5.16,2,0.25871459563291027,LOW,0.2408553165954547,LOW,0.032552083333333336,0.2176465071729915,LOW,False,STABLE
130,5.2,2,0.2553894685551712,LOW,0.24834968024214554,LOW,0.032552083333333336,0.21914794544668525,LOW,False,STABLE
131,5.24,2,0.2810791486836929,LOW,0.2527140255343307,LOW,0.032552083333333336,0.2324540396213941,LOW,False,STABLE
132,5.28,2,0.29280379352765123,LOW,0.2586027876014018,LOW,0.032552083333333336,0.2400856346280038,LOW,False,STABLE
133,5.32,1,0.26372072258591656,LOW,0.036211770410646694,LOW,0.016276041666666668,0.13560043957792114,LOW,False,STABLE
134,5.36,1,0.2575358781665563,LOW,0.08677543458631229,LOW,0.016276041666666668,0.15304272525947527,LOW,False,STABLE
135,5.4,1,0.2607011219263077,LOW,0.13393070784712824,LOW,0.016276041666666668,0.17332919425568977,LOW,False,STABLE
136,5.44,1,0.2564154346585274,LOW,0.17535169262668135,LOW,0.016276041666666668,0.1879690288970099,LOW,False,STABLE
137,5.48,1,0.22742827263783244,LOW,0.19571238133942942,LOW,0.016276041666666668,0.18306908147279638,LOW,False,STABLE
138,5.52,1,0.20200138469947748,LOW,0.20998350817800496,LOW,0.016276041666666668,0.17733543263596685,LOW,False,STABLE
139,5.56,1,0.17704780837828565,LOW,0.22202866265156515,LOW,0.016276041666666668,0.1709243850808546,LOW,False,STABLE
140,5.6,1,0.1669403743952842,LOW,0.22958495129870793,LOW,0.016276041666666668,0.16939855524736108,LOW,False,STABLE
141,5.64,1,0.14147960589982422,LOW,0.240125349088664,LOW,0.016276041666666668,0.1621573685403865,LOW,False,STABLE
142,5.68,1,0.15439292810192776,LOW,0.23472979986180095,LOW,0.016276041666666668,0.1658101438405879,LOW,False,STABLE
143,5.72,1,0.15105793236066287,LOW,0.23589538986022024,LOW,0.016276041666666668,0.16477563175638638,LOW,False,STABLE
144,5.76,1,0.1495437725634801,LOW,0.23632153311975543,LOW,0.016276041666666668,0.16426471715146823,LOW,False,STABLE
145,5.8,1,0.13579033100886106,LOW,0.24259133813281508,LOW,0.016276041666666668,0.1605835904571135,LOW,False,STABLE
146,5.84,1,0.09958718721152833,LOW,0.261263289553067,LOW,0.016276041666666668,0.15176095631641454,LOW,False,STABLE
147,5.88,1,0.07164899491755738,LOW,0.2760895327473637,LOW,0.016276041666666668,0.1451192670618463,LOW,False,STABLE
148,5.92,1,0.0488107487598341,LOW,0.28010553937859345,LOW,0.016276041666666668,0.13644845894336272,LOW,False,STABLE
149,5.96,1,0.034157362020726494,LOW,0.2845601726250016,LOW,0.016276041666666668,0.13163628820932757,LOW,False,STABLE
150,6.0,1,0.030793998505448703,LOW,0.27957318308184953,LOW,0.016276041666666668,0.12812797881019172,LOW,False,STABLE
151,6.04,1,0.015206728607378976,LOW,0.2946799011472312,LOW,0.016276041666666668,0.127156394582213,LOW,False,STABLE
152,6.08,1,0.01046392561535615,LOW,0.2989165981240888,LOW,0.016276041666666668,0.12671681202654578,LOW,False,STABLE
153,6.12,1,0.024388746793253285,LOW,0.2748648071819657,LOW,0.016276041666666668,0.12336226517975027,LOW,False,STABLE
154,6.16,1,0.012921143238852876,LOW,0.29462633006666195,LOW,0.016276041666666668,0.12610645273414858,LOW,False,STABLE
155,6.2,1,0.00884294185928715,LOW,0.30189460957642755,LOW,0.016276041666666668,0.12717857391725024,LOW,False,STABLE
156,6.24,1,0.00617379949409547,LOW,0.30734850507889144,LOW,0.016276041666666668,0.12815901805389954,LOW,False,STABLE
157,6.28,1,0.005142095279726955,LOW,0.3123210840524895,LOW,0.016276041666666668,0.12968378274687292,LOW,False,STABLE
158,6.32,1,0.004261594521322142,LOW,0.31575784043995647,LOW,0.016276041666666668,0.13066225996057756,LOW,False,STABLE
159,6.36,1,0.009267971762553194,LOW,0.3103897260496695,LOW,0.016276041666666668,0.13076788396301675,LOW,False,STABLE
